<?xml version="1.0" encoding="UTF-8"?>
<project-private xmlns="http://www.netbeans.org/ns/project-private/1">
    <editor-bookmarks xmlns="http://www.netbeans.org/ns/editor-bookmarks/2" lastBookmarkId="0"/>
    <open-files xmlns="http://www.netbeans.org/ns/projectui-open-files/2">
        <group>
            <file>file:/C:/Users/lujain%20Abdullah/OneDrive/Documents/NetBeansProjects/CPCS324-project-phase2/src/Project/SingleSourceSPAlg.java</file>
            <file>file:/C:/Users/lujain%20Abdullah/OneDrive/Documents/NetBeansProjects/CPCS324-project-phase2/src/Project/Application.java</file>
            <file>file:/C:/Users/lujain%20Abdullah/OneDrive/Documents/NetBeansProjects/CPCS324-project-phase2/src/Project/Vertex.java</file>
            <file>file:/C:/Users/lujain%20Abdullah/OneDrive/Documents/NetBeansProjects/CPCS324-project-phase2/src/Project/Edge.java</file>
            <file>file:/C:/Users/lujain%20Abdullah/OneDrive/Documents/NetBeansProjects/CPCS324-project-phase2/src/Project/Graph.java</file>
            <file>file:/C:/Users/lujain%20Abdullah/OneDrive/Documents/NetBeansProjects/CPCS324-project-phase2/src/Project/AllSourceSPAlg.java</file>
            <file>file:/C:/Users/lujain%20Abdullah/OneDrive/Documents/NetBeansProjects/CPCS324-project-phase2/src/Project/ShortestPathAlgorithm.java</file>
        </group>
    </open-files>
</project-private>
